year,JulAug_T,JulAug_ppt,JulAug_ppt_sq,June_ppt,soy_yield
2009,69.3,3.795,14.402025,4.11,55
2010,75.4,8.975,80.550625,11.16,56
2011,75.5,3.745,14.025025,5.05,57
2012,75.85,2.225,4.950625,2.95,60
2013,73.5,1.595,2.544025,3.01,56.5
2014,70.95,4.29,18.4041,8.86,51
2015,71.2,7.11,50.5521,6.89,45.5
2016,73.5,7.04,49.5616,0.97,45
2017,72.7,2.17,4.7089,1.73,51.5
2018,73.65,6.31,39.8161,11.1,51
2019,73.2,2.955,8.732025,3.97,51
